Name,Stock on hand,categ_id/id,type
185/60 VR14 AR-20,15 ,Bridgestone,Stockable Product
185/60 VR15 AR-20,17 ,Bridgestone,Stockable Product
185/65 HR14 AR-20,10 ,Bridgestone,Stockable Product
185/65 HR14 PLATINUM,8 ,Achilles,Stockable Product
185/65 HR15 PLATINUM,15 ,Achilles,Stockable Product
185/65 HR15 SP300 DUNLOP,6 ,Dunlop,Stockable Product
185/65 R14 EP150,25 ,Bridgestone,Stockable Product
185/65 R15 EP150,6 ,Bridgestone,Stockable Product
185/65 R15 EP-MPV1,34 ,Bridgestone,Stockable Product
185/65 R15 TECHNO  10,10 ,Bridgestone,Stockable Product
185/65 SR14 B-250,13 ,Bridgestone,Stockable Product
185/65 SR14 SP65E DUNLOP,12 ,Dunlop,Stockable Product
185/65 SR15 B-250,2 ,Bridgestone,Stockable Product
185/65 SR15 SP10 DUNLOP,10 ,Dunlop,Stockable Product
185/65 SR15 SP-65E DUNLOP,1 ,Dunlop,Stockable Product
185/65 VR15 AR-20,46 ,Bridgestone,Stockable Product
185/70 HR14 AR-20,10 ,Bridgestone,Stockable Product
185/70 HR14 PLATINUM,7 ,Achilles,Stockable Product
185/70 HR14 SP10 DUNLOP,2 ,Dunlop,Stockable Product
185/70 R13 EP150,34 ,Bridgestone,Stockable Product
185/70 R14 EP150,58 ,Bridgestone,Stockable Product
185/70 R14 EP-MPV1,49 ,Bridgestone,Stockable Product