Name,Stock on hand,type
155 R12 6PR R624,4 ,Stockable Product
165 R13 8PR R-624,12 ,Stockable Product
165/60 R14 HANKOOK,8 ,Stockable Product
165/65 HR13 AR-20,7 ,Stockable Product
165/65 R14 EP-150,8 ,Stockable Product
165/65 SR13 PLATINUM,12 ,Stockable Product
165/65 SR13 SP651 DUNLOP,3 ,Stockable Product
165/70 R13 EP150,14 ,Stockable Product
165/80 R13 EP150,70 ,Stockable Product
165/80 SR13 B-391,12 ,Stockable Product
165/80 SR13 HIMAX DUNLOP,4 ,Stockable Product
165/80 SR13 PLATINUM,3 ,Stockable Product
175 R13 8P LT5 DUNLOP,5 ,Stockable Product
175 R13 8PR R-624,17 ,Stockable Product
175/60 HR13 AR-20,13 ,Stockable Product
175/60 R15 MAXXIS MA 307,10 ,Stockable Product
175/60 SR15 SP TOURING DUNLOP,6 ,Stockable Product
175/65 HR14 AR-20,14 ,Stockable Product
175/65 HR14 LM703 DUNLOP,9 ,Stockable Product
175/65 R14 EP150,15 ,Stockable Product
175/65 R14 TECHNO 10,9 ,Stockable Product
175/65 SR14 B-250,2 ,Stockable Product