<?xml version="1.0" encoding="utf-8"?>
<openerp>
    <data noupdate="1">

        <!-- Sequences for sale.order -->
        <record id="seq_type_wo" model="ir.sequence.type">
            <field name="name">Work Order</field>
            <field name="code">work.order</field>
        </record>

        <record id="seq_wo" model="ir.sequence">
            <field name="name">Work Order</field>
            <field name="code">work.order</field>
            <field name="prefix">WO</field>
            <field name="padding">3</field>
            <field name="company_id" eval="False"/>
        </record>

    </data>
</openerp>
